bc/entropy,bc/epoch_num,bc/prob_true_act,bc/l2_loss,bc/neglogp,bc/l2_norm,bc/samples_so_far,bc/batch_num,bc/ent_loss,bc/loss
2.837877035140991,0,0.0321744866669178,0.0,4.487630367279053,35.500099182128906,28,1,-0.002837877254933119,4.484792709350586
2.027554750442505,500,0.32992884516716003,0.0,1.1375445127487183,43.36512756347656,14028,501,-0.002027554903179407,1.1355170011520386
