bc/l2_loss,bc/ent_loss,bc/entropy,bc/loss,bc/prob_true_act,bc/epoch_num,bc/batch_num,bc/l2_norm,bc/neglogp,bc/samples_so_far
0.0,-0.002837877254933119,2.837877035140991,4.500763893127441,0.03206595778465271,0,1,64.5000991821289,4.503601551055908,28
0.0,-0.0018970639212056994,1.8970638513565063,0.900974452495575,0.4054909646511078,500,501,74.87696075439453,0.9028714895248413,14028
0.0,-0.0008446948486380279,0.8446947932243347,-0.15545345842838287,1.1672019958496094,1000,1001,77.919677734375,-0.15460875630378723,28028
0.0,0.00016774621326476336,-0.16774620115756989,-1.167238712310791,3.2136476039886475,1500,1501,81.82575225830078,-1.167406439781189,42028
0.0,0.0011846728157252073,-1.1846727132797241,-2.183385133743286,8.886822700500488,2000,2001,84.20845794677734,-2.184569835662842,56028
0.0,0.002191784093156457,-2.191783905029297,-3.189237594604492,24.323179244995117,2500,2501,87.43798828125,-3.191429376602173,70028
0.0,0.0031947761308401823,-3.1947760581970215,-4.1910881996154785,66.3061752319336,3000,3001,91.99053955078125,-4.1942830085754395,84028
0.0,0.004193797241896391,-4.1937971115112305,-5.165428161621094,175.87319946289062,3500,3501,96.76984405517578,-5.16962194442749,98028
